DATE,TMIN,TMAX,TAVG,AWND,PRCP,SNOW,WEATHER_CATEGORY
2020-01-01,34,41,37.5,8.5,0.0,0.0,cloudy
2020-01-02,33,49,41.0,5.37,0.0,0.0,cloudy
2020-01-03,44,49,46.5,3.36,0.15,0.0,rainy
2020-01-04,41,51,46.0,4.47,0.27,0.0,rainy
2020-01-05,35,42,38.5,11.41,0.0,0.0,cloudy
2020-01-06,32,45,38.5,6.04,0.04,0.2,snowy
2020-01-07,36,45,40.5,5.14,0.0,0.0,cloudy
2020-01-08,28,42,35.0,9.62,0.0,0.0,cloudy
2020-01-09,23,34,28.5,4.47,0.0,0.0,cloudy
2020-01-10,33,55,44.0,6.26,0.0,0.0,cloudy
2020-01-11,51,69,60.0,5.37,0.0,0.0,sunny
2020-01-12,43,68,55.5,8.72,0.05,0.0,rainy
2020-01-13,37,46,41.5,4.47,0.0,0.0,cloudy
2020-01-14,39,46,42.5,3.8,0.07,0.0,rainy
2020-01-15,41,50,45.5,5.14,0.0,0.0,cloudy
2020-01-16,33,49,41.0,10.29,0.11,0.0,rainy
2020-01-17,21,33,27.0,10.74,0.0,0.0,cloudy
2020-01-18,20,37,28.5,4.92,0.37,2.1,snowy
2020-01-19,27,43,35.0,8.95,0.0,0.0,cloudy
2020-01-20,20,31,25.5,7.83,0.0,0.0,cloudy
2020-01-21,20,33,26.5,4.25,0.0,0.0,cloudy
2020-01-22,25,38,31.5,5.087763157894738,0.0,0.0,cloudy
2020-01-23,33,47,40.0,5.087763157894738,0.0,0.0,cloudy
2020-01-24,37,51,44.0,5.087763157894738,0.0,0.0,cloudy
2020-01-25,38,51,44.5,5.087763157894738,0.85,0.0,rainy
2020-01-26,38,46,42.0,5.087763157894738,0.0,0.0,cloudy
2020-01-27,37,45,41.0,6.26,0.0,0.0,cloudy
2020-01-28,37,43,40.0,8.5,0.0,0.0,cloudy
2020-01-29,31,41,36.0,6.71,0.0,0.0,cloudy
2020-01-30,25,38,31.5,4.25,0.0,0.0,cloudy
2020-01-31,33,44,38.5,3.8,0.02,0.0,rainy
2020-02-01,37,43,40.0,2.01,0.0,0.0,cloudy
2020-02-02,35,45,40.0,4.92,0.07,0.0,rainy
2020-02-03,37,57,47.0,5.59,0.0,0.0,cloudy
2020-02-04,43,61,52.0,3.36,0.0,0.0,cloudy
2020-02-05,39,55,47.0,5.82,0.0,0.0,cloudy
2020-02-06,35,41,38.0,6.93,0.51,0.0,rainy
2020-02-07,33,56,44.5,9.62,0.25,0.0,rainy
2020-02-08,30,41,35.5,7.38,0.0,0.0,cloudy
2020-02-09,31,44,37.5,5.82,0.0,0.0,cloudy
2020-02-10,42,47,44.5,6.26,0.37,0.0,rainy
2020-02-11,43,48,45.5,3.58,0.28,0.0,rainy
2020-02-12,37,46,41.5,5.37,0.13,0.0,rainy
2020-02-13,37,44,40.5,4.25,0.39,0.0,rainy
2020-02-14,18,40,29.0,7.38,0.0,0.0,cloudy
2020-02-15,14,31,22.5,4.92,0.0,0.0,cloudy
2020-02-16,30,44,37.0,5.59,0.0,0.0,cloudy
2020-02-17,38,51,44.5,5.14,0.0,0.0,cloudy
2020-02-18,38,47,42.5,6.26,0.0,0.0,cloudy
2020-02-19,32,48,40.0,7.38,0.0,0.0,cloudy
2020-02-20,26,35,30.5,5.82,0.0,0.0,cloudy
2020-02-21,20,35,27.5,5.37,0.0,0.0,cloudy
2020-02-22,30,50,40.0,6.26,0.0,0.0,cloudy
2020-02-23,39,56,47.5,4.47,0.0,0.0,cloudy
2020-02-24,41,62,51.5,2.91,0.0,0.0,cloudy
2020-02-25,46,53,49.5,3.8,0.14,0.0,rainy
2020-02-26,43,48,45.5,7.16,0.0,0.0,cloudy
2020-02-27,31,43,37.0,12.75,0.4,0.0,rainy
2020-02-28,29,42,35.5,9.84,0.0,0.0,cloudy
2020-02-29,25,35,30.0,8.72,0.0,0.0,cloudy
2020-06-01,51,70,60.5,5.087763157894738,0.0,0.0,sunny
2020-06-02,59,72,65.5,5.087763157894738,0.0,0.0,sunny
2020-06-03,60,79,69.5,5.087763157894738,0.45,0.0,rainy
2020-06-04,66,84,75.0,5.087763157894738,0.16,0.0,rainy
2020-06-05,69,79,74.0,5.087763157894738,0.26,0.0,rainy
2020-06-06,70,86,78.0,5.087763157894738,0.06,0.0,rainy
2020-06-07,63,76,69.5,5.087763157894738,0.0,0.0,sunny
2020-06-08,59,79,69.0,5.087763157894738,0.0,0.0,sunny
2020-06-09,65,87,76.0,5.087763157894738,0.0,0.0,sunny
2020-06-10,70,85,77.5,5.087763157894738,0.0,0.0,sunny
2020-06-11,70,84,77.0,5.087763157894738,0.05,0.0,rainy
2020-06-12,69,85,77.0,5.087763157894738,0.0,0.0,sunny
2020-06-13,59,75,67.0,5.087763157894738,0.0,0.0,sunny
2020-06-14,54,74,64.0,5.087763157894738,0.0,0.0,sunny
2020-06-15,59,75,67.0,5.087763157894738,0.0,0.0,sunny
2020-06-16,60,78,69.0,5.087763157894738,0.0,0.0,sunny
2020-06-17,60,78,69.0,5.087763157894738,0.0,0.0,sunny
2020-06-18,65,77,71.0,5.087763157894738,0.0,0.0,sunny
2020-06-19,65,83,74.0,2.46,0.0,0.0,sunny
2020-06-20,70,86,78.0,1.79,0.0,0.0,sunny
2020-06-21,70,88,79.0,2.46,0.0,0.0,sunny
2020-06-22,72,90,81.0,2.91,0.0,0.0,sunny
2020-06-23,74,87,80.5,2.46,0.0,0.0,sunny
2020-06-24,74,86,80.0,4.25,0.0,0.0,sunny
2020-06-25,72,87,79.5,2.91,0.0,0.0,sunny
2020-06-26,69,87,78.0,3.58,0.0,0.0,sunny
2020-06-27,72,80,76.0,2.68,0.09,0.0,rainy
2020-06-28,70,90,80.0,2.24,0.11,0.0,rainy
2020-06-29,65,87,76.0,3.36,0.58,0.0,rainy
2020-06-30,67,80,73.5,3.13,0.0,0.0,sunny
2020-07-01,67,80,73.5,2.24,0.03,0.0,rainy
2020-07-02,68,92,80.0,3.36,0.0,0.0,sunny
2020-07-03,71,90,80.5,3.58,0.13,0.0,rainy
2020-07-04,68,87,77.5,4.47,0.0,0.0,sunny
2020-07-05,72,92,82.0,2.46,0.0,0.0,sunny
2020-07-06,70,96,83.0,2.91,0.54,0.0,rainy
2020-07-07,72,82,77.0,4.25,0.0,0.0,sunny
2020-07-08,75,83,79.0,2.46,0.02,0.0,rainy
2020-07-09,75,89,82.0,2.68,0.0,0.0,sunny
2020-07-10,73,77,75.0,7.16,2.54,0.0,rainy
2020-07-11,72,83,77.5,3.36,0.76,0.0,rainy
2020-07-12,71,87,79.0,4.92,0.04,0.0,rainy
2020-07-13,70,86,78.0,4.03,0.02,0.0,rainy
2020-07-14,70,85,77.5,4.7,0.0,0.0,sunny
2020-07-15,70,82,76.0,5.82,0.0,0.0,sunny
2020-07-16,69,78,73.5,3.8,0.0,0.0,sunny
2020-07-17,69,84,76.5,2.01,0.03,0.0,rainy
2020-07-18,72,91,81.5,1.34,0.0,0.0,sunny
2020-07-19,77,94,85.5,4.25,0.0,0.0,sunny
2020-07-20,81,93,87.0,3.8,0.0,0.0,sunny
2020-07-21,77,91,84.0,1.79,0.0,0.0,sunny
2020-07-22,72,92,82.0,2.91,1.42,0.0,rainy
2020-07-23,73,86,79.5,4.47,0.0,0.0,sunny
2020-07-24,72,80,76.0,3.13,0.19,0.0,rainy
2020-07-25,72,88,80.0,3.8,0.0,0.0,sunny
2020-07-26,77,92,84.5,5.37,0.0,0.0,sunny
2020-07-27,76,93,84.5,5.14,0.0,0.0,sunny
2020-07-28,80,93,86.5,4.7,0.0,0.0,sunny
2020-07-29,77,90,83.5,1.57,0.0,0.0,sunny
2020-07-30,74,92,83.0,2.91,0.08,0.0,rainy
2020-07-31,70,82,76.0,1.57,0.78,0.0,rainy
2020-08-01,71,88,79.5,2.24,0.0,0.0,sunny
2020-08-02,77,89,83.0,4.03,0.0,0.0,sunny
2020-08-03,70,88,79.0,4.47,0.54,0.0,rainy
2020-08-04,70,79,74.5,7.16,0.55,0.0,rainy
2020-08-05,73,86,79.5,4.25,0.0,0.0,sunny
2020-08-06,71,82,76.5,2.24,0.0,0.0,sunny
2020-08-07,66,81,73.5,4.03,0.46,0.0,rainy
2020-08-08,68,83,75.5,2.46,0.0,0.0,sunny
2020-08-09,72,87,79.5,3.58,0.0,0.0,sunny
2020-08-10,76,92,84.0,4.7,0.0,0.0,sunny
2020-08-11,78,88,83.0,3.36,0.0,0.0,sunny
2020-08-12,72,90,81.0,2.46,1.76,0.0,rainy
2020-08-13,72,79,75.5,2.01,0.24,0.0,rainy
2020-08-14,73,86,79.5,5.82,0.0,0.0,sunny
2020-08-15,71,84,77.5,6.26,0.0,0.0,sunny
2020-08-16,67,72,69.5,7.83,0.21,0.0,rainy
2020-08-17,64,81,72.5,2.46,0.14,0.0,rainy
2020-08-18,63,82,72.5,2.91,0.2,0.0,rainy
2020-08-19,66,75,70.5,3.13,0.14,0.0,rainy
2020-08-20,62,80,71.0,3.13,0.0,0.0,sunny
2020-08-21,68,83,75.5,6.04,0.0,0.0,sunny
2020-08-22,73,88,80.5,4.03,0.0,0.0,sunny
2020-08-23,74,86,80.0,2.46,0.0,0.0,sunny
2020-08-24,75,90,82.5,3.13,0.0,0.0,sunny
2020-08-25,71,89,80.0,5.59,0.36,0.0,rainy
2020-08-26,67,77,72.0,6.26,0.0,0.0,sunny
2020-08-27,66,90,78.0,3.58,0.42,0.0,rainy
2020-08-28,71,85,78.0,3.58,0.0,0.0,sunny
2020-08-29,72,81,76.5,4.25,0.01,0.0,rainy
2020-08-30,67,79,73.0,7.61,0.0,0.0,sunny
2020-08-31,63,77,70.0,3.36,0.0,0.0,sunny
2020-11-01,43,55,49.0,5.82,0.4,0.0,rainy
2020-11-02,38,44,41.0,10.51,0.0,0.0,cloudy
2020-11-03,40,53,46.5,8.72,0.0,0.0,cloudy
2020-11-04,40,62,51.0,3.36,0.0,0.0,cloudy
2020-11-05,52,67,59.5,4.03,0.0,0.0,cloudy
2020-11-06,56,70,63.0,4.7,0.0,0.0,sunny
2020-11-07,56,74,65.0,3.58,0.0,0.0,sunny
2020-11-08,56,75,65.5,1.79,0.0,0.0,sunny
2020-11-09,54,75,64.5,1.34,0.0,0.0,sunny
2020-11-10,60,74,67.0,5.14,0.0,0.0,sunny
2020-11-11,64,72,68.0,2.91,0.78,0.0,rainy
2020-11-12,46,68,57.0,6.71,0.24,0.0,rainy
2020-11-13,47,50,48.5,4.03,0.19,0.0,rainy
2020-11-14,42,52,47.0,4.7,0.0,0.0,cloudy
2020-11-15,41,64,52.5,7.38,0.07,0.0,rainy
2020-11-16,44,55,49.5,6.71,0.0,0.0,cloudy
2020-11-17,36,50,43.0,7.16,0.0,0.0,cloudy
2020-11-18,30,36,33.0,9.17,0.0,0.0,cloudy
2020-11-19,30,48,39.0,5.14,0.0,0.0,cloudy
2020-11-20,45,63,54.0,6.04,0.0,0.0,cloudy
2020-11-21,49,64,56.5,4.25,0.0,0.0,cloudy
2020-11-22,44,59,51.5,7.61,0.0,0.0,cloudy
2020-11-23,42,60,51.0,7.38,0.54,0.0,rainy
2020-11-24,41,48,44.5,5.82,0.0,0.0,cloudy
2020-11-25,45,56,50.5,3.8,0.0,0.0,cloudy
2020-11-26,55,65,60.0,4.7,0.79,0.0,rainy
2020-11-27,51,63,57.0,3.36,0.0,0.0,cloudy
2020-11-28,44,56,50.0,4.92,0.0,0.0,cloudy
2020-11-29,41,54,47.5,2.24,0.0,0.0,cloudy
2020-11-30,50,63,56.5,6.26,0.98,0.0,rainy
2020-12-01,37,62,49.5,5.82,0.0,0.0,cloudy
2020-12-02,36,43,39.5,10.51,0.0,0.0,cloudy
2020-12-03,35,50,42.5,6.71,0.0,0.0,cloudy
2020-12-04,44,52,48.0,4.92,0.11,0.0,rainy
2020-12-05,39,47,43.0,8.72,1.02,0.0,rainy
2020-12-06,33,40,36.5,10.74,0.0,0.0,cloudy
2020-12-07,32,40,36.0,6.04,0.0,0.0,cloudy
2020-12-08,30,36,33.0,8.5,0.0,0.0,cloudy
2020-12-09,31,38,34.5,6.49,0.05,0.0,rainy
2020-12-10,36,49,42.5,6.26,0.0,0.0,cloudy
2020-12-11,39,57,48.0,3.58,0.0,0.0,cloudy
2020-12-12,46,58,52.0,3.8,0.0,0.0,cloudy
2020-12-13,47,62,54.5,6.93,0.0,0.0,cloudy
2020-12-14,35,47,41.0,4.47,0.26,0.0,rainy
2020-12-15,30,39,34.5,7.61,0.0,0.0,cloudy
2020-12-16,24,31,27.5,11.18,0.86,6.5,snowy
2020-12-17,24,33,28.5,9.4,0.66,4.0,snowy
2020-12-18,24,32,28.0,6.49,0.0,0.0,cloudy
2020-12-19,20,32,26.0,2.91,0.0,0.0,cloudy
2020-12-20,31,40,35.5,2.24,0.01,0.0,rainy
2020-12-21,37,46,41.5,3.58,0.0,0.0,cloudy
2020-12-22,38,46,42.0,6.93,0.0,0.0,cloudy
2020-12-23,36,45,40.5,4.92,0.0,0.0,cloudy
2020-12-24,43,59,51.0,8.5,0.24,0.0,rainy
2020-12-25,29,61,45.0,10.51,0.92,0.0,rainy
2020-12-26,24,32,28.0,9.4,0.0,0.0,cloudy
2020-12-27,24,37,30.5,4.03,0.0,0.0,cloudy
2020-12-28,35,50,42.5,5.37,0.0,0.0,cloudy
2020-12-29,30,43,36.5,8.95,0.0,0.0,cloudy
2020-12-30,28,43,35.5,5.14,0.0,0.0,cloudy
2020-12-31,36,48,42.0,5.14,0.48,0.0,rainy
2021-01-01,33,40,36.5,5.59,0.62,0.0,rainy
2021-01-02,36,51,43.5,6.71,0.05,0.0,rainy
2021-01-03,34,38,36.0,9.17,0.22,0.0,rainy
2021-01-04,35,43,39.0,4.47,0.02,0.0,rainy
2021-01-05,36,42,39.0,4.92,0.0,0.0,cloudy
2021-01-06,34,41,37.5,8.28,0.0,0.0,cloudy
2021-01-07,30,41,35.5,6.93,0.0,0.0,cloudy
2021-01-08,27,37,32.0,6.04,0.0,0.0,cloudy
2021-01-09,24,37,30.5,6.93,0.0,0.0,cloudy
2021-01-10,29,41,35.0,4.25,0.0,0.0,cloudy
2021-01-11,28,37,32.5,2.46,0.0,0.0,cloudy
2021-01-12,33,44,38.5,4.47,0.0,0.0,cloudy
2021-01-13,35,43,39.0,3.13,0.0,0.0,cloudy
2021-01-14,39,49,44.0,2.01,0.0,0.0,cloudy
2021-01-15,38,46,42.0,8.05,0.38,0.0,rainy
2021-01-16,37,47,42.0,8.5,0.78,0.0,rainy
2021-01-17,35,44,39.5,8.28,0.0,0.0,cloudy
2021-01-18,37,45,41.0,7.61,0.0,0.0,cloudy
2021-01-19,35,43,39.0,5.82,0.0,0.0,cloudy
2021-01-20,27,40,33.5,7.61,0.02,0.0,rainy
2021-01-21,25,43,34.0,3.8,0.0,0.0,cloudy
2021-01-22,36,45,40.5,7.61,0.0,0.0,cloudy
2021-01-23,24,36,30.0,11.41,0.0,0.0,cloudy
2021-01-24,22,32,27.0,10.07,0.0,0.0,cloudy
2021-01-25,23,37,30.0,5.14,0.0,0.0,cloudy
2021-01-26,31,34,32.5,7.16,0.1,0.1,snowy
2021-01-27,31,37,34.0,5.82,0.0,0.0,cloudy
2021-01-28,20,34,27.0,10.29,0.0,0.0,cloudy
2021-01-29,14,25,19.5,13.87,0.0,0.0,cloudy
2021-01-30,17,32,24.5,7.61,0.0,0.0,cloudy
2021-01-31,20,26,23.0,6.71,0.12,2.0,snowy
2021-02-01,22,34,28.0,14.32,1.85,14.8,snowy
2021-02-02,30,33,31.5,8.5,0.13,0.4,snowy
2021-02-03,29,37,33.0,7.61,0.01,0.2,snowy
2021-02-04,31,43,37.0,6.93,0.0,0.0,cloudy
2021-02-05,37,47,42.0,4.92,0.07,0.0,rainy
2021-02-06,34,44,39.0,6.93,0.0,0.0,cloudy
2021-02-07,24,40,32.0,6.26,0.39,4.5,snowy
2021-02-08,17,29,23.0,6.49,0.0,0.0,cloudy
2021-02-09,27,33,30.0,4.92,0.0,0.0,cloudy
2021-02-10,26,35,30.5,4.03,0.01,0.0,snowy
2021-02-11,26,33,29.5,6.04,0.1,1.3,snowy
2021-02-12,20,30,25.0,5.37,0.0,0.0,cloudy
2021-02-13,25,30,27.5,6.93,0.0,0.0,cloudy
2021-02-14,27,38,32.5,4.25,0.0,0.0,cloudy
2021-02-15,31,36,33.5,5.82,0.02,0.0,rainy
2021-02-16,34,51,42.5,7.83,0.82,0.0,rainy
2021-02-17,22,34,28.0,7.16,0.0,0.0,cloudy
2021-02-18,24,30,27.0,7.83,0.45,3.2,snowy
2021-02-19,28,33,30.5,6.93,0.14,1.2,snowy
2021-02-20,26,35,30.5,8.05,0.0,0.0,cloudy
2021-02-21,24,37,30.5,5.82,0.0,0.0,cloudy
2021-02-22,32,39,35.5,3.36,0.52,0.4,snowy
2021-02-23,36,45,40.5,6.04,0.01,0.0,rainy
2021-02-24,39,54,46.5,6.49,0.0,0.0,cloudy
2021-02-25,40,50,45.0,8.72,0.0,0.0,cloudy
2021-02-26,33,45,39.0,4.25,0.0,0.0,cloudy
2021-02-27,38,50,44.0,4.7,0.39,0.0,rainy
2021-02-28,41,45,43.0,5.14,0.22,0.0,rainy
2021-06-01,57,76,66.5,1.79,0.0,0.0,sunny
2021-06-02,62,75,68.5,2.46,0.0,0.0,sunny
2021-06-03,60,74,67.0,1.34,0.38,0.0,rainy
2021-06-04,63,78,70.5,3.36,0.39,0.0,rainy
2021-06-05,66,89,77.5,4.92,0.0,0.0,sunny
2021-06-06,76,92,84.0,2.91,0.0,0.0,sunny
2021-06-07,76,91,83.5,2.91,0.07,0.0,rainy
2021-06-08,72,90,81.0,2.68,0.47,0.0,rainy
2021-06-09,72,90,81.0,2.91,0.01,0.0,rainy
2021-06-10,65,84,74.5,6.26,0.0,0.0,sunny
2021-06-11,62,69,65.5,5.14,0.0,0.0,sunny
2021-06-12,62,69,65.5,3.8,0.0,0.0,sunny
2021-06-13,62,76,69.0,2.24,0.01,0.0,rainy
2021-06-14,64,73,68.5,2.46,0.22,0.0,rainy
2021-06-15,66,80,73.0,4.7,0.0,0.0,sunny
2021-06-16,62,77,69.5,4.47,0.0,0.0,sunny
2021-06-17,57,78,67.5,3.8,0.0,0.0,sunny
2021-06-18,63,84,73.5,4.7,0.0,0.0,sunny
2021-06-19,65,88,76.5,4.25,0.14,0.0,rainy
2021-06-20,66,86,76.0,2.46,0.0,0.0,sunny
2021-06-21,75,86,80.5,3.8,0.0,0.0,sunny
2021-06-22,59,78,68.5,4.92,0.24,0.0,rainy
2021-06-23,55,76,65.5,3.8,0.0,0.0,sunny
2021-06-24,61,77,69.0,3.8,0.0,0.0,sunny
2021-06-25,64,81,72.5,2.24,0.0,0.0,sunny
2021-06-26,68,83,75.5,3.13,0.04,0.0,rainy
2021-06-27,73,90,81.5,4.7,0.0,0.0,sunny
2021-06-28,76,92,84.0,4.92,0.0,0.0,sunny
2021-06-29,78,95,86.5,4.47,0.0,0.0,sunny
2021-06-30,73,98,85.5,5.14,0.65,0.0,rainy
2021-07-01,72,84,78.0,2.01,0.9,0.0,rainy
2021-07-02,62,79,70.5,3.58,0.67,0.0,rainy
2021-07-03,59,66,62.5,5.82,0.34,0.0,rainy
2021-07-04,60,79,69.5,2.46,0.0,0.0,sunny
2021-07-05,67,83,75.0,3.8,0.0,0.0,sunny
2021-07-06,71,92,81.5,5.82,0.55,0.0,rainy
2021-07-07,71,91,81.0,2.46,0.0,0.0,sunny
2021-07-08,71,84,77.5,4.92,2.27,0.0,rainy
2021-07-09,70,85,77.5,4.03,2.06,0.0,rainy
2021-07-10,68,81,74.5,2.91,0.27,0.0,rainy
2021-07-11,70,78,74.0,1.79,0.01,0.0,rainy
2021-07-12,72,86,79.0,4.92,1.42,0.0,rainy
2021-07-13,69,72,70.5,5.82,0.0,0.0,sunny
2021-07-14,69,87,78.0,2.68,0.0,0.0,sunny
2021-07-15,74,89,81.5,2.68,0.0,0.0,sunny
2021-07-16,79,91,85.0,2.91,0.0,0.0,sunny
2021-07-17,73,91,82.0,2.24,0.62,0.0,rainy
2021-07-18,72,84,78.0,5.37,0.03,0.0,rainy
2021-07-19,71,81,76.0,3.8,0.01,0.0,rainy
2021-07-20,73,86,79.5,2.46,0.0,0.0,sunny
2021-07-21,70,80,75.0,2.01,0.05,0.0,rainy
2021-07-22,67,81,74.0,3.36,0.0,0.0,sunny
2021-07-23,67,83,75.0,2.24,0.01,0.0,rainy
2021-07-24,67,84,75.5,2.46,0.0,0.0,sunny
2021-07-25,66,83,74.5,2.68,0.49,0.0,rainy
2021-07-26,72,88,80.0,2.24,0.78,0.0,rainy
2021-07-27,73,89,81.0,2.91,0.0,0.0,sunny
2021-07-28,69,81,75.0,3.58,0.14,0.0,rainy
2021-07-29,69,77,73.0,3.8,0.47,0.0,rainy
2021-07-30,67,82,74.5,7.61,0.0,0.0,sunny
2021-07-31,60,77,68.5,2.68,0.0,0.0,sunny
2021-08-01,66,77,71.5,2.01,0.04,0.0,rainy
2021-08-02,63,80,71.5,4.7,0.0,0.0,sunny
2021-08-03,65,79,72.0,1.34,0.0,0.0,sunny
2021-08-04,67,76,71.5,4.92,0.0,0.0,sunny
2021-08-05,69,81,75.0,3.8,0.0,0.0,sunny
2021-08-06,70,88,79.0,3.36,0.0,0.0,sunny
2021-08-07,73,87,80.0,4.47,0.0,0.0,sunny
2021-08-08,66,77,71.5,6.71,0.21,0.0,rainy
2021-08-09,69,81,75.0,4.7,0.0,0.0,sunny
2021-08-10,71,84,77.5,2.68,0.83,0.0,rainy
2021-08-11,73,89,81.0,3.36,0.18,0.0,rainy
2021-08-12,74,93,83.5,3.8,0.0,0.0,sunny
2021-08-13,78,94,86.0,2.24,0.0,0.0,sunny
2021-08-14,76,88,82.0,3.8,0.0,0.0,sunny
2021-08-15,70,83,76.5,3.36,0.0,0.0,sunny
2021-08-16,69,83,76.0,2.91,0.0,0.0,sunny
2021-08-17,73,81,77.0,2.68,0.0,0.0,sunny
2021-08-18,74,83,78.5,2.46,0.0,0.0,sunny
2021-08-19,75,85,80.0,3.8,0.2,0.0,rainy
2021-08-20,75,82,78.5,2.46,0.0,0.0,sunny
2021-08-21,73,82,77.5,2.91,4.45,0.0,rainy
2021-08-22,70,76,73.0,5.14,2.67,0.0,rainy
2021-08-23,71,83,77.0,4.25,1.07,0.0,rainy
2021-08-24,72,89,80.5,2.91,0.0,0.0,sunny
2021-08-25,72,91,81.5,1.79,0.0,0.0,sunny
2021-08-26,78,91,84.5,3.13,0.0,0.0,sunny
2021-08-27,75,93,84.0,2.24,0.67,0.0,rainy
2021-08-28,68,80,74.0,6.93,0.0,0.0,sunny
2021-08-29,67,76,71.5,2.91,0.0,0.0,sunny
2021-08-30,73,85,79.0,2.01,0.0,0.0,sunny
2021-08-31,73,83,78.0,2.91,0.0,0.0,sunny
2021-11-01,50,58,54.0,5.14,0.0,0.0,cloudy
2021-11-02,44,53,48.5,2.91,0.0,0.0,cloudy
2021-11-03,41,51,46.0,4.03,0.0,0.0,cloudy
2021-11-04,39,50,44.5,3.58,0.0,0.0,cloudy
2021-11-05,39,51,45.0,3.8,0.0,0.0,cloudy
2021-11-06,40,52,46.0,2.46,0.0,0.0,cloudy
2021-11-07,40,53,46.5,2.68,0.0,0.0,cloudy
2021-11-08,44,63,53.5,2.68,0.0,0.0,cloudy
2021-11-09,50,68,59.0,2.68,0.0,0.0,cloudy
2021-11-10,49,64,56.5,3.13,0.0,0.0,cloudy
2021-11-11,45,61,53.0,4.7,0.01,0.0,rainy
2021-11-12,51,65,58.0,5.59,0.48,0.0,rainy
2021-11-13,40,62,51.0,4.92,0.33,0.0,rainy
2021-11-14,38,48,43.0,4.03,0.02,0.0,rainy
2021-11-15,39,47,43.0,6.26,0.0,0.0,cloudy
2021-11-16,36,49,42.5,5.59,0.0,0.0,cloudy
2021-11-17,38,57,47.5,2.68,0.0,0.0,cloudy
2021-11-18,46,69,57.5,5.37,0.09,0.0,rainy
2021-11-19,39,48,43.5,8.5,0.01,0.0,rainy
2021-11-20,35,47,41.0,3.13,0.0,0.0,cloudy
2021-11-21,44,56,50.0,3.36,0.01,0.0,rainy
2021-11-22,35,55,45.0,6.26,0.04,0.0,rainy
2021-11-23,32,42,37.0,8.95,0.0,0.0,cloudy
2021-11-24,30,45,37.5,4.7,0.0,0.0,cloudy
2021-11-25,39,56,47.5,2.46,0.01,0.0,rainy
2021-11-26,37,47,42.0,9.62,0.12,0.0,rainy
2021-11-27,34,39,36.5,8.05,0.0,0.0,cloudy
2021-11-28,33,41,37.0,2.24,0.0,0.0,cloudy
2021-11-29,33,45,39.0,6.49,0.0,0.0,cloudy
2021-11-30,31,41,36.0,5.14,0.0,0.0,cloudy
2021-12-01,40,49,44.5,3.58,0.0,0.0,cloudy
2021-12-02,45,58,51.5,5.82,0.04,0.0,rainy
2021-12-03,37,48,42.5,8.5,0.0,0.0,cloudy
2021-12-04,36,48,42.0,3.36,0.0,0.0,cloudy
2021-12-05,39,49,44.0,2.68,0.0,0.0,cloudy
2021-12-06,43,61,52.0,5.82,0.42,0.0,rainy
2021-12-07,36,43,39.5,5.59,0.0,0.0,cloudy
2021-12-08,34,42,38.0,4.92,0.04,0.0,rainy
2021-12-09,31,39,35.0,5.59,0.0,0.0,cloudy
2021-12-10,38,50,44.0,2.91,0.0,0.0,cloudy
2021-12-11,45,66,55.5,6.04,0.17,0.0,rainy
2021-12-12,42,56,49.0,8.05,0.0,0.0,cloudy
2021-12-13,40,53,46.5,7.61,0.0,0.0,cloudy
2021-12-14,44,53,48.5,5.37,0.0,0.0,cloudy
2021-12-15,40,57,48.5,5.14,0.0,0.0,cloudy
2021-12-16,54,62,58.0,8.05,0.0,0.0,cloudy
2021-12-17,48,60,54.0,7.16,0.0,0.0,cloudy
2021-12-18,39,48,43.5,3.58,0.06,0.0,rainy
2021-12-19,28,45,36.5,6.49,0.02,0.0,rainy
2021-12-20,25,37,31.0,5.37,0.0,0.0,cloudy
2021-12-21,31,43,37.0,4.7,0.0,0.0,cloudy
2021-12-22,33,47,40.0,6.93,0.12,0.0,rainy
2021-12-23,31,36,33.5,4.92,0.0,0.0,cloudy
2021-12-24,30,40,35.0,4.03,0.03,0.2,snowy
2021-12-25,36,52,44.0,2.91,0.16,0.0,rainy
2021-12-26,39,51,45.0,10.51,0.0,0.0,cloudy
2021-12-27,34,39,36.5,4.47,0.09,0.0,rainy
2021-12-28,36,47,41.5,4.7,0.05,0.0,rainy
2021-12-29,41,44,42.5,5.82,0.14,0.0,rainy
2021-12-30,43,49,46.0,2.46,0.05,0.0,rainy
2021-12-31,48,55,51.5,2.46,0.0,0.0,cloudy
2022-01-01,50,56,53.0,3.13,0.79,0.0,rainy
2022-01-02,37,59,48.0,5.82,0.04,0.0,rainy
2022-01-03,22,37,29.5,9.84,0.0,0.0,cloudy
2022-01-04,19,34,26.5,6.04,0.0,0.0,cloudy
2022-01-05,31,47,39.0,5.59,0.23,0.0,rainy
2022-01-06,34,41,37.5,6.49,0.0,0.0,cloudy
2022-01-07,25,34,29.5,8.72,0.38,5.8,snowy
2022-01-08,20,30,25.0,6.04,0.0,0.0,cloudy
2022-01-09,29,40,34.5,8.5,0.1,0.0,rainy
2022-01-10,24,40,32.0,8.5,0.0,0.0,cloudy
2022-01-11,15,24,19.5,7.38,0.0,0.0,cloudy
2022-01-12,20,40,30.0,6.04,0.0,0.0,cloudy
2022-01-13,34,48,41.0,3.13,0.0,0.0,cloudy
2022-01-14,21,43,32.0,8.28,0.0,0.0,cloudy
2022-01-15,10,21,15.5,7.16,0.0,0.0,cloudy
2022-01-16,10,37,23.5,8.5,0.37,0.8,snowy
2022-01-17,34,44,39.0,10.07,1.16,0.0,rainy
2022-01-18,29,36,32.5,9.17,0.0,0.0,cloudy
2022-01-19,28,49,38.5,6.71,0.0,0.0,cloudy
2022-01-20,22,46,34.0,6.71,0.3,0.0,rainy
2022-01-21,14,22,18.0,7.83,0.0,0.0,cloudy
2022-01-22,13,29,21.0,5.59,0.0,0.0,cloudy
2022-01-23,24,37,30.5,5.37,0.02,0.2,snowy
2022-01-24,26,36,31.0,4.25,0.0,0.0,cloudy
2022-01-25,28,42,35.0,5.82,0.0,0.0,cloudy
2022-01-26,20,28,24.0,6.26,0.0,0.0,cloudy
2022-01-27,17,32,24.5,5.37,0.0,0.0,cloudy
2022-01-28,29,32,30.5,4.7,0.13,1.2,snowy
2022-01-29,12,29,20.5,12.53,0.77,7.3,snowy
2022-01-30,12,26,19.0,6.93,0.0,0.0,cloudy
2022-01-31,21,31,26.0,3.8,0.0,0.0,cloudy
2022-02-01,23,36,29.5,5.14,0.0,0.0,cloudy
2022-02-02,32,47,39.5,2.91,0.0,0.0,cloudy
2022-02-03,42,52,47.0,3.8,0.42,0.0,rainy
2022-02-04,26,57,41.5,6.71,0.72,0.0,rainy
2022-02-05,19,27,23.0,8.72,0.0,0.0,cloudy
2022-02-06,17,30,23.5,4.7,0.0,0.0,cloudy
2022-02-07,30,37,33.5,3.58,0.15,0.0,rainy
2022-02-08,32,45,38.5,6.71,0.07,0.0,rainy
2022-02-09,29,46,37.5,4.03,0.0,0.0,cloudy
2022-02-10,37,54,45.5,5.14,0.0,0.0,cloudy
2022-02-11,38,57,47.5,5.14,0.0,0.0,cloudy
2022-02-12,42,59,50.5,7.61,0.0,0.0,cloudy
2022-02-13,25,42,33.5,6.71,0.23,1.6,snowy
2022-02-14,16,25,20.5,8.72,0.0,0.0,cloudy
2022-02-15,16,30,23.0,4.92,0.0,0.0,cloudy
2022-02-16,28,49,38.5,5.82,0.0,0.0,cloudy
2022-02-17,49,68,58.5,7.38,0.31,0.0,rainy
2022-02-18,27,63,45.0,9.62,0.33,0.0,rainy
2022-02-19,23,40,31.5,8.28,0.0,0.0,cloudy
2022-02-20,21,36,28.5,7.61,0.0,0.0,cloudy
2022-02-21,32,55,43.5,4.47,0.0,0.0,cloudy
2022-02-22,37,61,49.0,6.04,0.26,0.0,rainy
2022-02-23,35,68,51.5,8.28,0.0,0.0,cloudy
2022-02-24,29,35,32.0,7.61,0.0,0.0,cloudy
2022-02-25,26,41,33.5,8.28,0.74,0.4,snowy
2022-02-26,24,37,30.5,7.16,0.0,0.0,cloudy
2022-02-27,28,48,38.0,9.62,0.0,0.0,cloudy
2022-02-28,26,36,31.0,5.82,0.0,0.0,cloudy
2022-06-01,60,72,66.0,6.49,0.71,0.0,rainy
2022-06-02,62,79,70.5,3.13,0.45,0.0,rainy
2022-06-03,62,76,69.0,3.58,0.0,0.0,sunny
2022-06-04,61,80,70.5,2.24,0.0,0.0,sunny
2022-06-05,57,77,67.0,3.58,0.0,0.0,sunny
2022-06-06,63,80,71.5,4.25,0.0,0.0,sunny
2022-06-07,63,78,70.5,5.59,0.08,0.0,rainy
2022-06-08,66,82,74.0,4.47,0.03,0.0,rainy
2022-06-09,65,81,73.0,6.71,0.83,0.0,rainy
2022-06-10,63,77,70.0,5.59,0.0,0.0,sunny
2022-06-11,66,74,70.0,3.13,0.0,0.0,sunny
2022-06-12,63,72,67.5,2.68,0.05,0.0,rainy
2022-06-13,68,85,76.5,2.46,0.0,0.0,sunny
2022-06-14,68,81,74.5,4.25,0.0,0.0,sunny
2022-06-15,66,83,74.5,3.58,0.0,0.0,sunny
2022-06-16,61,71,66.0,3.36,0.32,0.0,rainy
2022-06-17,69,88,78.5,6.26,0.0,0.0,sunny
2022-06-18,58,75,66.5,8.72,0.0,0.0,sunny
2022-06-19,54,73,63.5,6.93,0.0,0.0,sunny
2022-06-20,57,78,67.5,3.58,0.0,0.0,sunny
2022-06-21,63,80,71.5,2.46,0.06,0.0,rainy
2022-06-22,62,67,64.5,4.92,0.02,0.0,rainy
2022-06-23,61,74,67.5,3.13,0.08,0.0,rainy
2022-06-24,63,81,72.0,2.91,0.0,0.0,sunny
2022-06-25,69,90,79.5,2.24,0.0,0.0,sunny
2022-06-26,74,89,81.5,3.58,0.0,0.0,sunny
2022-06-27,69,77,73.0,2.91,0.29,0.0,rainy
2022-06-28,66,79,72.5,2.46,0.0,0.0,sunny
2022-06-29,66,84,75.0,2.01,0.0,0.0,sunny
2022-06-30,69,86,77.5,2.91,0.0,0.0,sunny
2022-07-01,73,91,82.0,3.8,0.0,0.0,sunny
2022-07-02,73,87,80.0,3.13,0.0,0.0,sunny
2022-07-03,73,88,80.5,3.8,0.0,0.0,sunny
2022-07-04,65,85,75.0,2.68,0.0,0.0,sunny
2022-07-05,70,87,78.5,4.47,0.09,0.0,rainy
2022-07-06,71,85,78.0,5.14,0.0,0.0,sunny
2022-07-07,69,84,76.5,4.92,0.0,0.0,sunny
2022-07-08,68,83,75.5,1.34,0.24,0.0,rainy
2022-07-09,71,85,78.0,2.91,0.0,0.0,sunny
2022-07-10,67,83,75.0,5.82,0.0,0.0,sunny
2022-07-11,67,85,76.0,5.14,0.0,0.0,sunny
2022-07-12,70,90,80.0,5.82,0.0,0.0,sunny
2022-07-13,74,91,82.5,2.68,0.0,0.0,sunny
2022-07-14,72,90,81.0,3.8,0.0,0.0,sunny
2022-07-15,73,86,79.5,4.47,0.0,0.0,sunny
2022-07-16,66,85,75.5,2.68,1.11,0.0,rainy
2022-07-17,71,83,77.0,2.46,0.0,0.0,sunny
2022-07-18,69,81,75.0,2.91,1.85,0.0,rainy
2022-07-19,73,90,81.5,5.14,0.0,0.0,sunny
2022-07-20,78,95,86.5,4.03,0.0,0.0,sunny
2022-07-21,74,92,83.0,4.03,0.16,0.0,rainy
2022-07-22,78,94,86.0,2.68,0.0,0.0,sunny
2022-07-23,78,95,86.5,2.01,0.0,0.0,sunny
2022-07-24,79,95,87.0,4.92,0.0,0.0,sunny
2022-07-25,73,86,79.5,4.7,0.98,0.0,rainy
2022-07-26,71,81,76.0,3.8,0.0,0.0,sunny
2022-07-27,70,85,77.5,2.24,0.0,0.0,sunny
2022-07-28,73,87,80.0,3.8,0.02,0.0,rainy
2022-07-29,72,85,78.5,3.36,0.1,0.0,rainy
2022-07-30,73,87,80.0,4.7,0.0,0.0,sunny
2022-07-31,71,86,78.5,2.01,0.0,0.0,sunny
2022-08-01,68,77,72.5,2.68,0.48,0.0,rainy
2022-08-02,72,90,81.0,3.58,0.0,0.0,sunny
2022-08-03,71,89,80.0,3.13,0.0,0.0,sunny
2022-08-04,76,93,84.5,3.58,0.0,0.0,sunny
2022-08-05,78,89,83.5,3.36,0.0,0.0,sunny
2022-08-06,77,92,84.5,4.03,0.0,0.0,sunny
2022-08-07,76,92,84.0,5.59,0.16,0.0,rainy
2022-08-08,79,93,86.0,5.37,0.0,0.0,sunny
2022-08-09,78,97,87.5,4.92,0.03,0.0,rainy
2022-08-10,75,87,81.0,3.58,0.0,0.0,sunny
2022-08-11,72,89,80.5,2.24,0.11,0.0,rainy
2022-08-12,71,85,78.0,5.59,0.0,0.0,sunny
2022-08-13,65,79,72.0,4.47,0.0,0.0,sunny
2022-08-14,66,82,74.0,2.68,0.0,0.0,sunny
2022-08-15,68,83,75.5,1.79,0.0,0.0,sunny
2022-08-16,66,83,74.5,5.59,0.0,0.0,sunny
2022-08-17,63,81,72.0,3.36,0.34,0.0,rainy
2022-08-18,62,87,74.5,2.91,0.0,0.0,sunny
2022-08-19,69,90,79.5,3.58,0.0,0.0,sunny
2022-08-20,74,90,82.0,2.91,0.0,0.0,sunny
2022-08-21,72,82,77.0,2.68,0.0,0.0,sunny
2022-08-22,73,79,76.0,2.68,0.23,0.0,rainy
2022-08-23,72,86,79.0,2.91,0.0,0.0,sunny
2022-08-24,71,90,80.5,3.8,0.0,0.0,sunny
2022-08-25,72,91,81.5,2.46,0.0,0.0,sunny
2022-08-26,74,87,80.5,2.91,0.24,0.0,rainy
2022-08-27,74,90,82.0,3.8,0.0,0.0,sunny
2022-08-28,73,82,77.5,5.14,0.0,0.0,sunny
2022-08-29,75,85,80.0,2.91,0.0,0.0,sunny
2022-08-30,73,89,81.0,4.25,0.12,0.0,rainy
2022-08-31,69,85,77.0,5.14,0.0,0.0,sunny
2022-11-01,59,67,63.0,3.8,0.08,0.0,rainy
2022-11-02,54,70,62.0,2.24,0.0,0.0,sunny
2022-11-03,52,67,59.5,2.01,0.0,0.0,cloudy
2022-11-04,53,70,61.5,2.01,0.0,0.0,sunny
2022-11-05,64,76,70.0,4.03,0.0,0.0,sunny
2022-11-06,66,75,70.5,4.25,0.0,0.0,sunny
2022-11-07,54,77,65.5,6.04,0.0,0.0,sunny
2022-11-08,47,58,52.5,7.16,0.0,0.0,cloudy
2022-11-09,40,53,46.5,4.47,0.0,0.0,cloudy
2022-11-10,47,66,56.5,2.91,0.0,0.0,cloudy
2022-11-11,59,68,63.5,3.58,0.89,0.0,rainy
2022-11-12,60,69,64.5,5.14,0.08,0.0,rainy
2022-11-13,41,61,51.0,5.82,0.04,0.0,rainy
2022-11-14,37,45,41.0,6.26,0.0,0.0,cloudy
2022-11-15,35,46,40.5,6.71,0.56,0.0,rainy
2022-11-16,39,50,44.5,8.05,0.28,0.0,rainy
2022-11-17,37,46,41.5,7.61,0.0,0.0,cloudy
2022-11-18,34,44,39.0,5.82,0.0,0.0,cloudy
2022-11-19,31,40,35.5,5.82,0.0,0.0,cloudy
2022-11-20,30,40,35.0,9.62,0.0,0.0,cloudy
2022-11-21,27,41,34.0,6.26,0.0,0.0,cloudy
2022-11-22,37,51,44.0,5.37,0.0,0.0,cloudy
2022-11-23,42,55,48.5,4.47,0.0,0.0,cloudy
2022-11-24,40,54,47.0,3.8,0.0,0.0,cloudy
2022-11-25,46,55,50.5,7.83,0.02,0.0,rainy
2022-11-26,42,57,49.5,6.93,0.0,0.0,cloudy
2022-11-27,48,60,54.0,5.59,0.7,0.0,rainy
2022-11-28,41,54,47.5,7.38,0.0,0.0,cloudy
2022-11-29,36,44,40.0,2.91,0.0,0.0,cloudy
2022-11-30,40,58,49.0,6.93,0.5,0.0,rainy
2022-12-01,35,43,39.0,8.28,0.0,0.0,cloudy
2022-12-02,32,47,39.5,3.8,0.0,0.0,cloudy
2022-12-03,45,58,51.5,6.93,0.49,0.0,rainy
2022-12-04,38,45,41.5,4.92,0.0,0.0,cloudy
2022-12-05,36,48,42.0,2.91,0.0,0.0,cloudy
2022-12-06,42,58,50.0,5.14,1.05,0.0,rainy
2022-12-07,54,59,56.5,3.36,0.26,0.0,rainy
2022-12-08,42,55,48.5,4.7,0.0,0.0,cloudy
2022-12-09,36,45,40.5,6.71,0.0,0.0,cloudy
2022-12-10,32,39,35.5,7.16,0.0,0.0,cloudy
2022-12-11,33,40,36.5,8.05,0.32,0.0,rainy
2022-12-12,28,38,33.0,5.82,0.01,0.0,rainy
2022-12-13,25,40,32.5,4.03,0.0,0.0,cloudy
2022-12-14,31,39,35.0,7.38,0.0,0.0,cloudy
2022-12-15,33,42,37.5,8.5,0.51,0.0,rainy
2022-12-16,38,44,41.0,11.18,0.85,0.0,rainy
2022-12-17,36,44,40.0,8.05,0.0,0.0,cloudy
2022-12-18,32,40,36.0,7.61,0.0,0.0,cloudy
2022-12-19,31,39,35.0,7.61,0.0,0.0,cloudy
2022-12-20,30,39,34.5,5.59,0.0,0.0,cloudy
2022-12-21,27,40,33.5,1.57,0.0,0.0,cloudy
2022-12-22,35,47,41.0,8.5,0.23,0.0,rainy
2022-12-23,8,58,33.0,10.07,1.83,0.0,rainy
2022-12-24,7,15,11.0,11.41,0.0,0.0,cloudy
2022-12-25,14,28,21.0,8.5,0.0,0.0,cloudy
2022-12-26,18,29,23.5,7.16,0.0,0.0,cloudy
2022-12-27,29,35,32.0,5.59,0.0,0.0,cloudy
2022-12-28,33,47,40.0,5.14,0.0,0.0,cloudy
2022-12-29,40,51,45.5,6.04,0.0,0.0,cloudy
2022-12-30,46,62,54.0,2.91,0.0,0.0,cloudy
2022-12-31,50,55,52.5,1.79,0.28,0.0,rainy
2023-01-01,49,55,52.0,4.92,0.0,0.0,cloudy
2023-01-02,49,56,52.5,3.58,0.02,0.0,rainy
2023-01-03,47,58,52.5,3.13,0.42,0.0,rainy
2023-01-04,49,66,57.5,4.47,0.02,0.0,rainy
2023-01-05,44,50,47.0,5.14,0.01,0.0,rainy
2023-01-06,39,49,44.0,5.37,0.27,0.0,rainy
2023-01-07,37,45,41.0,6.71,0.0,0.0,cloudy
2023-01-08,33,41,37.0,4.7,0.0,0.0,cloudy
2023-01-09,37,44,40.5,4.47,0.01,0.0,rainy
2023-01-10,38,41,39.5,4.25,0.0,0.0,cloudy
2023-01-11,35,39,37.0,6.49,0.0,0.0,cloudy
2023-01-12,37,55,46.0,4.92,0.3,0.0,rainy
2023-01-13,38,57,47.5,7.16,0.09,0.0,rainy
2023-01-14,31,38,34.5,8.95,0.0,0.0,cloudy
2023-01-15,30,41,35.5,9.62,0.0,0.0,cloudy
2023-01-16,28,48,38.0,7.61,0.0,0.0,cloudy
2023-01-17,35,47,41.0,3.13,0.0,0.0,cloudy
2023-01-18,42,53,47.5,7.61,0.05,0.0,rainy
2023-01-19,40,44,42.0,4.25,0.87,0.0,rainy
2023-01-20,40,49,44.5,6.71,0.0,0.0,cloudy
2023-01-21,37,42,39.5,5.59,0.0,0.0,cloudy
2023-01-22,36,42,39.0,4.7,0.51,0.0,rainy
2023-01-23,36,39,37.5,7.61,0.41,0.0,rainy
2023-01-24,35,46,40.5,6.93,0.0,0.0,cloudy
2023-01-25,35,54,44.5,6.04,0.9,0.0,rainy
2023-01-26,41,57,49.0,8.95,0.44,0.0,rainy
2023-01-27,35,44,39.5,5.82,0.0,0.0,cloudy
2023-01-28,36,52,44.0,7.16,0.0,0.0,cloudy
2023-01-29,42,53,47.5,4.7,0.0,0.0,cloudy
2023-01-30,43,55,49.0,2.91,0.0,0.0,cloudy
2023-01-31,31,50,40.5,4.25,0.06,0.0,rainy
2023-02-01,26,38,32.0,5.59,0.02,0.4,snowy
2023-02-02,29,40,34.5,4.92,0.0,0.0,cloudy
2023-02-03,11,35,23.0,11.86,0.0,0.0,cloudy
2023-02-04,3,27,15.0,8.72,0.0,0.0,cloudy
2023-02-05,27,49,38.0,3.58,0.0,0.0,cloudy
2023-02-06,34,52,43.0,4.92,0.0,0.0,cloudy
2023-02-07,30,43,36.5,4.92,0.02,0.0,rainy
2023-02-08,39,53,46.0,6.04,0.0,0.0,cloudy
2023-02-09,42,55,48.5,3.58,0.0,0.0,cloudy
2023-02-10,45,61,53.0,8.5,0.0,0.0,cloudy
2023-02-11,36,46,41.0,5.82,0.0,0.0,cloudy
2023-02-12,38,48,43.0,4.25,0.01,0.0,rainy
2023-02-13,41,57,49.0,7.38,0.0,0.0,cloudy
2023-02-14,40,54,47.0,5.59,0.0,0.0,cloudy
2023-02-15,47,67,57.0,4.47,0.0,0.0,cloudy
2023-02-16,56,70,63.0,3.58,0.07,0.0,rainy
2023-02-17,32,61,46.5,7.16,0.18,0.0,rainy
2023-02-18,27,43,35.0,8.28,0.0,0.0,cloudy
2023-02-19,37,50,43.5,3.36,0.0,0.0,cloudy
2023-02-20,47,61,54.0,6.04,0.0,0.0,cloudy
2023-02-21,37,50,43.5,4.92,0.27,0.0,rainy
2023-02-22,37,44,40.5,6.04,0.14,0.0,rainy
2023-02-23,38,44,41.0,7.38,0.02,0.0,rainy
2023-02-24,25,45,35.0,8.72,0.0,0.0,cloudy
2023-02-25,23,33,28.0,3.58,0.0,0.0,cloudy
2023-02-26,30,50,40.0,5.37,0.0,0.0,cloudy
2023-02-27,33,46,39.5,5.14,0.21,0.9,snowy
2023-02-28,32,38,35.0,5.59,0.34,0.9,snowy
2023-06-01,59,87,73.0,1.79,0.0,0.0,sunny
2023-06-02,66,91,78.5,2.01,0.24,0.0,rainy
2023-06-03,54,69,61.5,7.61,0.0,0.0,sunny
2023-06-04,49,69,59.0,5.82,0.0,0.0,cloudy
2023-06-05,56,76,66.0,2.91,0.0,0.0,sunny
2023-06-06,60,79,69.5,3.8,0.0,0.0,sunny
2023-06-07,57,69,63.0,4.92,0.0,0.0,sunny
2023-06-08,55,72,63.5,2.68,0.0,0.0,sunny
2023-06-09,58,72,65.0,3.8,0.0,0.0,sunny
2023-06-10,58,78,68.0,3.8,0.0,0.0,sunny
2023-06-11,64,82,73.0,0.89,0.01,0.0,rainy
2023-06-12,66,78,72.0,2.91,0.3,0.0,rainy
2023-06-13,64,78,71.0,4.92,0.0,0.0,sunny
2023-06-14,63,76,69.5,3.8,0.14,0.0,rainy
2023-06-15,61,77,69.0,5.14,0.0,0.0,sunny
2023-06-16,63,79,71.0,2.68,0.23,0.0,rainy
2023-06-17,62,77,69.5,4.47,0.0,0.0,sunny
2023-06-18,62,80,71.0,4.47,0.0,0.0,sunny
2023-06-19,65,81,73.0,3.8,0.0,0.0,sunny
2023-06-20,64,78,71.0,5.37,0.0,0.0,sunny
2023-06-21,62,73,67.5,10.51,0.0,0.0,sunny
2023-06-22,60,72,66.0,8.72,0.0,0.0,sunny
2023-06-23,65,71,68.0,3.13,0.04,0.0,rainy
2023-06-24,69,78,73.5,0.67,0.07,0.0,rainy
2023-06-25,71,85,78.0,1.57,0.0,0.0,sunny
2023-06-26,68,78,73.0,4.03,0.51,0.0,rainy
2023-06-27,66,79,72.5,1.57,0.08,0.0,rainy
2023-06-28,66,82,74.0,3.8,0.0,0.0,sunny
2023-06-29,65,82,73.5,2.46,0.0,0.0,sunny
2023-06-30,70,84,77.0,1.79,0.0,0.0,sunny
2023-07-01,69,82,75.5,2.46,0.0,0.0,sunny
2023-07-02,70,88,79.0,2.24,0.58,0.0,rainy
2023-07-03,72,89,80.5,2.68,0.45,0.0,rainy
2023-07-04,73,83,78.0,0.67,0.63,0.0,rainy
2023-07-05,72,93,82.5,1.79,0.0,0.0,sunny
2023-07-06,75,90,82.5,1.34,0.0,0.0,sunny
2023-07-07,74,87,80.5,0.67,0.0,0.0,sunny
2023-07-08,76,88,82.0,2.91,0.0,0.0,sunny
2023-07-09,72,82,77.0,1.79,0.98,0.0,rainy
2023-07-10,71,84,77.5,3.8,0.0,0.0,sunny
2023-07-11,68,89,78.5,2.91,0.0,0.0,sunny
2023-07-12,76,91,83.5,3.13,0.0,0.0,sunny
2023-07-13,77,88,82.5,2.46,0.0,0.0,sunny
2023-07-14,71,84,77.5,4.47,0.48,0.0,rainy
2023-07-15,71,88,79.5,1.57,0.04,0.0,rainy
2023-07-16,74,78,76.0,1.57,1.32,0.0,rainy
2023-07-17,74,88,81.0,2.68,0.0,0.0,sunny
2023-07-18,73,84,78.5,1.34,0.22,0.0,rainy
2023-07-19,72,80,76.0,1.34,0.0,0.0,sunny
2023-07-20,72,88,80.0,2.68,0.0,0.0,sunny
2023-07-21,71,84,77.5,3.13,0.15,0.0,rainy
2023-07-22,70,85,77.5,3.13,0.0,0.0,sunny
2023-07-23,69,88,78.5,1.57,0.0,0.0,sunny
2023-07-24,74,85,79.5,3.13,0.0,0.0,sunny
2023-07-25,68,86,77.0,2.91,0.28,0.0,rainy
2023-07-26,68,87,77.5,2.01,0.0,0.0,sunny
2023-07-27,75,92,83.5,4.92,0.15,0.0,rainy
2023-07-28,75,92,83.5,2.46,0.0,0.0,sunny
2023-07-29,70,89,79.5,5.14,0.06,0.0,rainy
2023-07-30,66,80,73.0,4.7,0.0,0.0,sunny
2023-07-31,66,85,75.5,2.91,0.0,0.0,sunny
2023-08-01,65,82,73.5,4.7,0.0,0.0,sunny
2023-08-02,64,81,72.5,2.91,0.0,0.0,sunny
2023-08-03,66,80,73.0,3.13,0.0,0.0,sunny
2023-08-04,71,77,74.0,2.68,0.0,0.0,sunny
2023-08-05,71,87,79.0,3.36,0.0,0.0,sunny
2023-08-06,69,87,78.0,2.24,0.0,0.0,sunny
2023-08-07,68,81,74.5,2.01,1.12,0.0,rainy
2023-08-08,70,80,75.0,5.37,0.01,0.0,rainy
2023-08-09,69,86,77.5,6.93,0.0,0.0,sunny
2023-08-10,70,81,75.5,2.01,0.48,0.0,rainy
2023-08-11,67,85,76.0,3.8,0.0,0.0,sunny
2023-08-12,69,85,77.0,2.91,0.0,0.0,sunny
2023-08-13,69,88,78.5,4.7,0.69,0.0,rainy
2023-08-14,72,87,79.5,1.12,0.02,0.0,rainy
2023-08-15,70,80,75.0,4.7,0.77,0.0,rainy
2023-08-16,69,82,75.5,2.91,1.33,0.0,rainy
2023-08-17,72,79,75.5,3.8,0.0,0.0,sunny
2023-08-18,65,80,72.5,4.92,0.77,0.0,rainy
2023-08-19,63,78,70.5,4.92,0.0,0.0,sunny
2023-08-20,66,85,75.5,3.58,0.0,0.0,sunny
2023-08-21,73,88,80.5,4.47,0.0,0.0,sunny
2023-08-22,67,79,73.0,4.92,0.0,0.0,sunny
2023-08-23,64,80,72.0,3.13,0.0,0.0,sunny
2023-08-24,67,73,70.0,1.12,0.14,0.0,rainy
2023-08-25,69,78,73.5,1.34,0.44,0.0,rainy
2023-08-26,73,84,78.5,2.68,0.52,0.0,rainy
2023-08-27,70,84,77.0,4.7,0.0,0.0,sunny
2023-08-28,69,76,72.5,3.8,0.0,0.0,sunny
2023-08-29,68,80,74.0,4.25,0.0,0.0,sunny
2023-08-30,68,83,75.5,4.92,0.27,0.0,rainy
2023-08-31,64,77,70.5,7.38,0.0,0.0,sunny
2023-11-01,39,49,44.0,6.71,0.01,0.0,rainy
2023-11-02,35,48,41.5,4.47,0.0,0.0,cloudy
2023-11-03,42,55,48.5,4.92,0.0,0.0,cloudy
2023-11-04,47,61,54.0,2.91,0.0,0.0,cloudy
2023-11-05,49,65,57.0,2.24,0.0,0.0,cloudy
2023-11-06,44,56,50.0,3.8,0.0,0.0,cloudy
2023-11-07,53,64,58.5,5.14,0.06,0.0,rainy
2023-11-08,43,54,48.5,5.37,0.0,0.0,cloudy
2023-11-09,42,57,49.5,3.13,0.0,0.0,cloudy
2023-11-10,45,53,49.0,4.47,0.0,0.0,cloudy
2023-11-11,42,55,48.5,4.03,0.0,0.0,cloudy
2023-11-12,36,44,40.0,5.14,0.0,0.0,cloudy
2023-11-13,35,49,42.0,3.58,0.0,0.0,cloudy
2023-11-14,42,53,47.5,4.92,0.0,0.0,cloudy
2023-11-15,39,53,46.0,2.91,0.0,0.0,cloudy
2023-11-16,46,65,55.5,3.36,0.0,0.0,cloudy
2023-11-17,52,67,59.5,4.47,0.0,0.0,cloudy
2023-11-18,41,63,52.0,6.04,0.0,0.0,cloudy
2023-11-19,40,55,47.5,4.7,0.0,0.0,cloudy
2023-11-20,37,46,41.5,4.92,0.0,0.0,cloudy
2023-11-21,33,48,40.5,7.38,0.59,0.0,rainy
2023-11-22,48,54,51.0,4.7,1.93,0.0,rainy
2023-11-23,44,52,48.0,6.93,0.0,0.0,cloudy
2023-11-24,33,51,42.0,6.26,0.0,0.0,cloudy
2023-11-25,30,40,35.0,2.24,0.0,0.0,cloudy
2023-11-26,35,56,45.5,4.47,0.28,0.0,rainy
2023-11-27,36,56,46.0,6.71,0.08,0.0,rainy
2023-11-28,32,41,36.5,9.62,0.0,0.0,cloudy
2023-11-29,27,38,32.5,4.7,0.0,0.0,cloudy
2023-11-30,34,51,42.5,5.82,0.0,0.0,cloudy
2023-12-01,43,51,47.0,3.58,0.41,0.0,rainy
2023-12-02,47,60,53.5,2.24,0.0,0.0,cloudy
2023-12-03,48,53,50.5,7.16,0.55,0.0,rainy
2023-12-04,42,54,48.0,6.04,0.0,0.0,cloudy
2023-12-05,38,43,40.5,4.03,0.0,0.0,cloudy
2023-12-06,33,43,38.0,6.04,0.0,0.0,cloudy
2023-12-07,32,39,35.5,6.04,0.0,0.0,cloudy
2023-12-08,38,51,44.5,2.91,0.0,0.0,cloudy
2023-12-09,44,59,51.5,2.01,0.0,0.0,cloudy
2023-12-10,50,61,55.5,4.03,1.12,0.0,rainy
2023-12-11,38,50,44.0,8.05,0.55,0.0,rainy
2023-12-12,36,44,40.0,5.59,0.0,0.0,cloudy
2023-12-13,36,47,41.5,6.71,0.0,0.0,cloudy
2023-12-14,33,41,37.0,6.26,0.0,0.0,cloudy
2023-12-15,37,58,47.5,5.37,0.0,0.0,cloudy
2023-12-16,46,54,50.0,5.82,0.0,0.0,cloudy
2023-12-17,47,59,53.0,6.71,0.26,0.0,rainy
2023-12-18,42,62,52.0,8.95,2.21,0.0,rainy
2023-12-19,32,44,38.0,7.61,0.0,0.0,cloudy
2023-12-20,30,46,38.0,6.04,0.0,0.0,cloudy
2023-12-21,30,42,36.0,6.49,0.0,0.0,cloudy
2023-12-22,25,37,31.0,3.58,0.0,0.0,cloudy
2023-12-23,34,44,39.0,3.58,0.0,0.0,cloudy
2023-12-24,40,49,44.5,1.57,0.02,0.0,rainy
2023-12-25,43,49,46.0,3.13,0.0,0.0,cloudy
2023-12-26,44,51,47.5,1.57,0.0,0.0,cloudy
2023-12-27,45,50,47.5,5.14,0.32,0.0,rainy
2023-12-28,49,55,52.0,6.93,1.22,0.0,rainy
2023-12-29,46,55,50.5,3.36,0.05,0.0,rainy
2023-12-30,39,46,42.5,6.49,0.0,0.0,cloudy
2023-12-31,39,43,41.0,5.37,0.0,0.0,cloudy
2024-01-01,35,47,41.0,3.36,0.03,0.0,rainy
2024-01-02,29,42,35.5,4.03,0.0,0.0,cloudy
2024-01-03,34,43,38.5,4.92,0.0,0.0,cloudy
2024-01-04,28,45,36.5,7.61,0.0,0.0,cloudy
2024-01-05,26,37,31.5,7.16,0.0,0.0,cloudy
2024-01-06,31,38,34.5,6.93,0.41,0.2,snowy
2024-01-07,34,38,36.0,7.61,0.24,0.0,rainy
2024-01-08,36,45,40.5,5.14,0.0,0.0,cloudy
2024-01-09,36,57,46.5,6.49,1.73,0.0,rainy
2024-01-10,44,57,50.5,8.5,0.22,0.0,rainy
2024-01-11,41,47,44.0,6.93,0.0,0.0,cloudy
2024-01-12,40,50,45.0,6.93,0.08,0.0,rainy
2024-01-13,35,60,47.5,9.62,0.81,0.0,rainy
2024-01-14,26,44,35.0,8.28,0.0,0.0,cloudy
2024-01-15,23,29,26.0,5.14,0.04,0.4,snowy
2024-01-16,22,32,27.0,9.17,0.28,1.3,snowy
2024-01-17,17,24,20.5,8.28,0.0,0.0,cloudy
2024-01-18,22,34,28.0,6.04,0.0,0.0,cloudy
2024-01-19,26,32,29.0,7.38,0.04,0.4,snowy
2024-01-20,18,26,22.0,10.74,0.0,0.0,cloudy
2024-01-21,20,31,25.5,9.17,0.0,0.0,cloudy
2024-01-22,25,38,31.5,7.16,0.0,0.0,cloudy
2024-01-23,34,40,37.0,4.92,0.05,0.0,rainy
2024-01-24,38,48,43.0,5.087763157894738,0.05,0.0,rainy
2024-01-25,46,59,52.5,4.25,0.24,0.0,rainy
2024-01-26,42,46,44.0,5.59,0.19,0.0,rainy
2024-01-27,43,49,46.0,5.087763157894738,0.0,0.0,cloudy
2024-01-28,37,44,40.5,9.4,0.82,0.0,rainy
2024-01-29,36,40,38.0,7.61,0.05,0.0,rainy
2024-01-30,35,38,36.5,4.7,0.0,0.0,cloudy
2024-01-31,34,40,37.0,3.58,0.0,0.0,cloudy
2024-02-01,37,46,41.5,3.8,0.0,0.0,cloudy
2024-02-02,38,46,42.0,5.82,0.32,0.0,rainy
2024-02-03,32,43,37.5,8.28,0.0,0.0,cloudy
2024-02-04,31,46,38.5,5.14,0.0,0.0,cloudy
2024-02-05,32,45,38.5,7.38,0.0,0.0,cloudy
2024-02-06,29,42,35.5,6.71,0.0,0.0,cloudy
2024-02-07,33,48,40.5,4.25,0.0,0.0,cloudy
2024-02-08,37,53,45.0,3.13,0.0,0.0,cloudy
2024-02-09,43,55,49.0,4.25,0.0,0.0,cloudy
2024-02-10,47,60,53.5,3.13,0.0,0.0,cloudy
2024-02-11,43,56,49.5,5.82,0.0,0.0,cloudy
2024-02-12,37,48,42.5,4.25,0.0,0.0,cloudy
2024-02-13,33,41,37.0,8.5,0.77,3.2,snowy
2024-02-14,29,38,33.5,11.41,0.0,0.0,cloudy
2024-02-15,27,39,33.0,6.04,0.0,0.0,cloudy
2024-02-16,36,43,39.5,8.28,0.0,0.0,cloudy
2024-02-17,27,36,31.5,7.61,0.18,2.0,snowy
2024-02-18,26,40,33.0,7.16,0.0,0.0,cloudy
2024-02-19,31,41,36.0,4.92,0.0,0.0,cloudy
2024-02-20,26,40,33.0,5.37,0.0,0.0,cloudy
2024-02-21,30,43,36.5,4.7,0.0,0.0,cloudy
2024-02-22,35,45,40.0,3.8,0.04,0.0,rainy
2024-02-23,42,47,44.5,2.91,0.04,0.0,rainy
2024-02-24,28,44,36.0,6.49,0.0,0.0,cloudy
2024-02-25,23,41,32.0,4.25,0.0,0.0,cloudy
2024-02-26,35,55,45.0,4.47,0.01,0.0,rainy
2024-02-27,40,55,47.5,4.92,0.52,0.0,rainy
2024-02-28,44,62,53.0,7.61,0.17,0.0,rainy
2024-02-29,31,43,37.0,10.07,0.0,0.0,cloudy
2024-06-01,60,83,71.5,2.91,0.0,0.0,sunny
2024-06-02,67,81,74.0,2.46,0.0,0.0,sunny
2024-06-03,72,86,79.0,2.91,0.0,0.0,sunny
2024-06-04,65,79,72.0,2.91,0.0,0.0,sunny
2024-06-05,65,79,72.0,2.46,0.0,0.0,sunny
2024-06-06,68,81,74.5,2.01,0.77,0.0,rainy
2024-06-07,66,82,74.0,3.36,0.0,0.0,sunny
2024-06-08,63,76,69.5,5.59,0.0,0.0,sunny
2024-06-09,65,74,69.5,4.92,0.0,0.0,sunny
2024-06-10,62,75,68.5,6.04,0.0,0.0,sunny
2024-06-11,59,73,66.0,3.13,0.0,0.0,sunny
2024-06-12,61,76,68.5,2.24,0.0,0.0,sunny
2024-06-13,65,84,74.5,3.13,0.0,0.0,sunny
2024-06-14,65,85,75.0,3.36,0.28,0.0,rainy
2024-06-15,65,80,72.5,3.58,0.0,0.0,sunny
2024-06-16,63,78,70.5,5.14,0.0,0.0,sunny
2024-06-17,65,83,74.0,2.91,0.0,0.0,sunny
2024-06-18,71,86,78.5,3.13,0.0,0.0,sunny
2024-06-19,72,89,80.5,2.46,0.0,0.0,sunny
2024-06-20,72,91,81.5,3.36,0.0,0.0,sunny
2024-06-21,76,94,85.0,3.58,0.0,0.0,sunny
2024-06-22,75,93,84.0,0.89,0.11,0.0,rainy
2024-06-23,73,92,82.5,5.087763157894738,0.0,0.0,sunny
2024-06-24,72,80,76.0,5.087763157894738,0.0,0.0,sunny
2024-06-25,69,90,79.5,4.25,0.0,0.0,sunny
2024-06-26,70,93,81.5,4.03,0.08,0.0,rainy
2024-06-27,67,84,75.5,5.82,0.23,0.0,rainy
2024-06-28,64,79,71.5,3.58,0.0,0.0,sunny
2024-06-29,66,79,72.5,4.25,0.06,0.0,rainy
2024-06-30,70,85,77.5,4.92,0.18,0.0,rainy
2024-07-01,64,81,72.5,6.04,0.0,0.0,sunny
2024-07-02,66,86,76.0,3.13,0.0,0.0,sunny
2024-07-03,69,83,76.0,3.8,0.0,0.0,sunny
2024-07-04,70,89,79.5,2.91,0.04,0.0,rainy
2024-07-05,74,90,82.0,1.57,0.1,0.0,rainy
2024-07-06,73,92,82.5,1.34,0.05,0.0,rainy
2024-07-07,79,93,86.0,4.03,0.0,0.0,sunny
2024-07-08,77,95,86.0,2.01,0.0,0.0,sunny
2024-07-09,75,89,82.0,2.24,0.0,0.0,sunny
2024-07-10,78,91,84.5,3.13,0.0,0.0,sunny
2024-07-11,75,89,82.0,4.7,0.11,0.0,rainy
2024-07-12,72,84,78.0,1.34,0.06,0.0,rainy
2024-07-13,72,87,79.5,1.57,2.06,0.0,rainy
2024-07-14,75,90,82.5,2.46,0.0,0.0,sunny
2024-07-15,73,91,82.0,2.46,0.12,0.0,rainy
2024-07-16,78,94,86.0,3.8,0.0,0.0,sunny
2024-07-17,72,90,81.0,2.91,1.46,0.0,rainy
2024-07-18,72,86,79.0,2.68,0.0,0.0,sunny
2024-07-19,67,83,75.0,2.91,0.0,0.0,sunny
2024-07-20,71,83,77.0,2.01,0.0,0.0,sunny
2024-07-21,73,88,80.5,2.68,0.0,0.0,sunny
2024-07-22,71,84,77.5,2.68,0.01,0.0,rainy
2024-07-23,71,81,76.0,4.03,0.11,0.0,rainy
2024-07-24,73,81,77.0,4.25,0.0,0.0,sunny
2024-07-25,72,83,77.5,2.91,0.0,0.0,sunny
2024-07-26,67,84,75.5,5.14,0.0,0.0,sunny
2024-07-27,69,87,78.0,3.58,0.0,0.0,sunny
2024-07-28,70,89,79.5,3.8,0.0,0.0,sunny
2024-07-29,68,84,76.0,2.91,0.05,0.0,rainy
2024-07-30,75,88,81.5,2.91,0.0,0.0,sunny
2024-07-31,73,89,81.0,3.36,0.03,0.0,rainy
2024-08-01,76,95,85.5,2.01,0.0,0.0,sunny
2024-08-02,74,92,83.0,2.46,0.52,0.0,rainy
2024-08-03,73,93,83.0,4.03,0.73,0.0,rainy
2024-08-04,71,83,77.0,3.13,0.17,0.0,rainy
2024-08-05,73,90,81.5,2.68,0.0,0.0,sunny
2024-08-06,72,90,81.0,3.36,2.08,0.0,rainy
2024-08-07,64,72,68.0,8.28,0.13,0.0,rainy
2024-08-08,65,70,67.5,7.16,0.36,0.0,rainy
2024-08-09,70,80,75.0,6.04,0.11,0.0,rainy
2024-08-10,73,85,79.0,4.47,0.0,0.0,sunny
2024-08-11,69,80,74.5,2.91,0.0,0.0,sunny
2024-08-12,66,81,73.5,3.36,0.0,0.0,sunny
2024-08-13,64,81,72.5,3.58,0.0,0.0,sunny
2024-08-14,67,85,76.0,3.13,0.0,0.0,sunny
2024-08-15,68,86,77.0,0.89,0.0,0.0,sunny
2024-08-16,70,87,78.5,3.13,0.0,0.0,sunny
2024-08-17,67,79,73.0,3.58,0.04,0.0,rainy
2024-08-18,69,81,75.0,3.13,2.29,0.0,rainy
2024-08-19,68,84,76.0,2.91,0.25,0.0,rainy
2024-08-20,61,72,66.5,5.82,0.0,0.0,sunny
2024-08-21,57,73,65.0,5.82,0.0,0.0,sunny
2024-08-22,59,76,67.5,3.36,0.0,0.0,sunny
2024-08-23,62,80,71.0,2.68,0.0,0.0,sunny
2024-08-24,65,83,74.0,1.34,0.0,0.0,sunny
2024-08-25,68,85,76.5,2.68,0.0,0.0,sunny
2024-08-26,69,85,77.0,2.24,0.04,0.0,rainy
2024-08-27,67,86,76.5,2.46,0.0,0.0,sunny
2024-08-28,74,91,82.5,4.92,0.0,0.0,sunny
2024-08-29,70,82,76.0,6.49,0.0,0.0,sunny
2024-08-30,61,74,67.5,5.37,0.3,0.0,rainy
2024-08-31,67,77,72.0,2.01,0.0,0.0,sunny
2024-11-01,57,79,68.0,6.26,0.0,0.0,sunny
2024-11-02,47,60,53.5,4.25,0.0,0.0,cloudy
2024-11-03,41,54,47.5,5.14,0.0,0.0,cloudy
2024-11-04,44,58,51.0,4.03,0.0,0.0,cloudy
2024-11-05,54,73,63.5,3.36,0.0,0.0,sunny
2024-11-06,64,80,72.0,4.03,0.0,0.0,sunny
2024-11-07,54,73,63.5,5.14,0.0,0.0,sunny
2024-11-08,50,69,59.5,5.37,0.0,0.0,cloudy
2024-11-09,43,54,48.5,4.25,0.0,0.0,cloudy
2024-11-10,45,58,51.5,3.36,0.08,0.0,rainy
2024-11-11,55,68,61.5,6.49,0.1,0.0,rainy
2024-11-12,41,59,50.0,9.62,0.0,0.0,cloudy
2024-11-13,37,50,43.5,6.26,0.0,0.0,cloudy
2024-11-14,37,47,42.0,4.7,0.0,0.0,cloudy
2024-11-15,41,58,49.5,4.92,0.0,0.0,cloudy
2024-11-16,45,62,53.5,8.5,0.0,0.0,cloudy
2024-11-17,44,63,53.5,4.7,0.0,0.0,cloudy
2024-11-18,49,66,57.5,4.25,0.0,0.0,cloudy
2024-11-19,47,60,53.5,2.24,0.0,0.0,cloudy
2024-11-20,53,60,56.5,2.91,0.0,0.0,cloudy
2024-11-21,37,54,45.5,6.93,1.57,0.0,rainy
2024-11-22,37,40,38.5,6.04,0.53,0.0,rainy
2024-11-23,37,49,43.0,8.28,0.02,0.0,rainy
2024-11-24,44,53,48.5,9.84,0.0,0.0,cloudy
2024-11-25,41,54,47.5,3.13,0.0,0.0,cloudy
2024-11-26,46,58,52.0,4.7,0.19,0.0,rainy
2024-11-27,43,52,47.5,4.47,0.0,0.0,cloudy
2024-11-28,42,49,45.5,5.59,0.86,0.0,rainy
2024-11-29,34,47,40.5,5.82,0.0,0.0,cloudy
2024-11-30,30,39,34.5,7.61,0.0,0.0,cloudy
2024-12-01,27,38,32.5,7.38,0.0,0.0,cloudy
2024-12-02,29,39,34.0,5.37,0.0,0.0,cloudy
2024-12-03,32,42,37.0,6.04,0.0,0.0,cloudy
2024-12-04,30,42,36.0,4.47,0.01,0.0,rainy
2024-12-05,31,40,35.5,8.5,0.09,0.0,rainy
2024-12-06,30,34,32.0,8.5,0.0,0.0,cloudy
2024-12-07,31,41,36.0,7.61,0.0,0.0,cloudy
2024-12-08,38,55,46.5,6.04,0.0,0.0,cloudy
2024-12-09,44,51,47.5,3.58,0.18,0.0,rainy
2024-12-10,44,50,47.0,5.59,0.26,0.0,rainy
2024-12-11,41,60,50.5,6.49,0.85,0.0,rainy
2024-12-12,29,41,35.0,9.4,0.0,0.0,cloudy
2024-12-13,27,33,30.0,5.087763157894738,0.0,0.0,cloudy
2024-12-14,26,34,30.0,4.92,0.0,0.0,cloudy
2024-12-15,28,41,34.5,5.14,0.06,0.0,rainy
2024-12-16,38,52,45.0,5.14,0.91,0.0,rainy
2024-12-17,49,59,54.0,5.14,0.02,0.0,rainy
2024-12-18,42,53,47.5,2.68,0.32,0.0,rainy
2024-12-19,37,45,41.0,6.71,0.05,0.0,rainy
2024-12-20,33,37,35.0,8.5,0.04,0.0,rainy
2024-12-21,19,33,26.0,10.51,0.15,1.8,snowy
2024-12-22,13,21,17.0,5.087763157894738,0.0,0.0,cloudy
2024-12-23,13,31,22.0,3.13,0.0,0.0,cloudy
2024-12-24,28,39,33.5,4.92,0.1,1.0,snowy
2024-12-25,28,35,31.5,3.8,0.0,0.0,cloudy
2024-12-26,24,36,30.0,3.13,0.0,0.0,cloudy
2024-12-27,26,44,35.0,1.12,0.0,0.0,cloudy
2024-12-28,40,54,47.0,1.34,0.56,0.0,rainy
2024-12-29,50,60,55.0,4.7,0.16,0.0,rainy
2024-12-30,49,58,53.5,6.49,0.37,0.0,rainy
2024-12-31,44,53,48.5,5.087763157894738,0.4,0.0,rainy
2025-01-01,39,51,45.0,8.28,0.0,0.0,cloudy
2025-01-02,33,43,38.0,9.62,0.0,0.0,cloudy
2025-01-03,31,39,35.0,7.83,0.0,0.0,cloudy
2025-01-04,28,33,30.5,10.07,0.0,0.0,cloudy
2025-01-05,28,33,30.5,8.5,0.0,0.0,cloudy
2025-01-06,22,30,26.0,4.7,0.08,0.9,snowy
2025-01-07,19,33,26.0,12.75,0.0,0.0,cloudy
2025-01-08,23,30,26.5,11.86,0.0,0.0,cloudy
2025-01-09,22,33,27.5,12.97,0.0,0.0,cloudy
2025-01-10,27,39,33.0,8.05,0.0,0.0,cloudy
2025-01-11,28,36,32.0,7.16,0.02,0.5,snowy
2025-01-12,30,42,36.0,4.92,0.0,0.0,cloudy
2025-01-13,33,42,37.5,5.37,0.0,0.0,cloudy
2025-01-14,25,35,30.0,8.5,0.0,0.0,cloudy
2025-01-15,23,32,27.5,8.28,0.0,0.0,cloudy
2025-01-16,23,30,26.5,5.37,0.0,0.0,cloudy
2025-01-17,26,42,34.0,4.92,0.0,0.0,cloudy
2025-01-18,35,46,40.5,4.92,0.09,0.0,rainy
2025-01-19,24,41,32.5,5.37,0.26,1.6,snowy
2025-01-20,17,26,21.5,7.38,0.0,0.0,cloudy
2025-01-21,11,19,15.0,6.49,0.0,0.0,cloudy
2025-01-22,10,20,15.0,5.82,0.0,0.0,cloudy
2025-01-23,17,28,22.5,5.14,0.0,0.0,cloudy
2025-01-24,23,33,28.0,4.47,0.0,0.0,cloudy
2025-01-25,20,33,26.5,6.04,0.0,0.0,cloudy
2025-01-26,31,43,37.0,6.71,0.0,0.0,cloudy
2025-01-27,31,40,35.5,6.49,0.0,0.0,cloudy
2025-01-28,32,42,37.0,8.5,0.0,0.0,cloudy
2025-01-29,31,52,41.5,10.51,0.0,0.0,cloudy
2025-01-30,25,38,31.5,6.93,0.0,0.0,cloudy
2025-01-31,36,48,42.0,3.58,0.16,0.0,rainy
2025-02-01,21,48,34.5,7.83,0.0,0.0,cloudy
2025-02-02,17,31,24.0,6.49,0.11,1.0,snowy
2025-02-03,31,49,40.0,3.8,0.0,0.0,cloudy
2025-02-04,30,47,38.5,9.4,0.0,0.0,cloudy
2025-02-05,26,36,31.0,6.04,0.0,0.0,cloudy
2025-02-06,30,38,34.0,6.26,0.34,0.5,snowy
2025-02-07,30,43,36.5,8.5,0.0,0.0,cloudy
2025-02-08,26,35,30.5,3.8,0.61,3.0,snowy
2025-02-09,30,36,33.0,4.92,0.06,0.1,snowy
2025-02-10,29,37,33.0,5.14,0.0,0.0,cloudy
2025-02-11,28,35,31.5,2.91,0.12,1.2,snowy
2025-02-12,31,36,33.5,8.5,0.11,0.4,snowy
2025-02-13,35,46,40.5,7.61,0.15,0.0,rainy
2025-02-14,29,36,32.5,7.61,0.0,0.0,cloudy
2025-02-15,28,35,31.5,5.14,0.31,0.5,snowy
2025-02-16,33,47,40.0,9.4,0.77,0.0,rainy
2025-02-17,26,36,31.0,14.32,0.0,0.0,cloudy
2025-02-18,19,27,23.0,10.74,0.0,0.0,cloudy
2025-02-19,17,30,23.5,8.95,0.0,0.0,cloudy
2025-02-20,18,29,23.5,7.61,0.01,0.4,snowy
2025-02-21,21,35,28.0,10.74,0.0,0.0,cloudy
2025-02-22,21,40,30.5,5.14,0.0,0.0,cloudy
2025-02-23,33,46,39.5,4.7,0.0,0.0,cloudy
2025-02-24,35,49,42.0,5.82,0.0,0.0,cloudy
2025-02-25,43,57,50.0,3.58,0.0,0.0,cloudy
2025-02-26,43,56,49.5,5.37,0.0,0.0,cloudy
2025-02-27,44,54,49.0,5.37,0.01,0.0,rainy
2025-02-28,41,51,46.0,6.71,0.0,0.0,cloudy
